{
  "resolution": "main",
  "tree": {
    "src": "https://raw.githubusercontent.com/types/npm-debug/34196b8b6968197009e6725ea68b94162d5737f4/typings.json",
    "raw": "registry:npm/debug#2.0.0+20160723033700",
    "main": "node.d.ts",
    "browser": "browser.d.ts",
    "dependencies": {
      "ms": {
        "src": "https://raw.githubusercontent.com/typed-typings/npm-ms/f40c81c7f45bc35e970de851117c29fc959220b2/typings.json",
        "raw": "github:typed-typings/npm-ms#f40c81c7f45bc35e970de851117c29fc959220b2",
        "main": "index.d.ts",
        "name": "ms"
      }
    },
    "name": "debug"
  }
}
